<TaskerData sr="" dvi="1" tv="5.14.6">
	<Task sr="task2">
		<cdate>1640319085340</cdate>
		<edate>1640319582066</edate>
		<id>2</id>
		<nme>Termux</nme>
		<pri>6</pri>
		<Action sr="act0" ve="7">
			<code>20</code>
			<App sr="arg0">
				<appClass>com.termux.app.TermuxActivity</appClass>
				<appPkg>com.termux</appPkg>
				<label>Termux</label>
			</App>
			<Str sr="arg1" ve="3"/>
			<Int sr="arg2" val="1"/>
			<Int sr="arg3" val="0"/>
		</Action>
		<Action sr="act1" ve="7">
			<code>25</code>
			<Int sr="arg0" val="0"/>
			<Str sr="arg1" ve="3"/>
		</Action>
	</Task>
</TaskerData>
