<TaskerData sr="" dvi="1" tv="5.13.6">
	<Profile sr="prof9" ve="2">
		<cdate>1640319318826</cdate>
		<clp>true</clp>
		<edate>1640319731881</edate>
		<flags>8</flags>
		<id>9</id>
		<mid0>3</mid0>
		<nme>Display State Off</nme>
		<State sr="con0" ve="2">
			<code>123</code>
			<Int sr="arg0" val="0"/>
		</State>
	</Profile>
	<Task sr="task3">
		<cdate>1640319085340</cdate>
		<edate>1640319582066</edate>
		<id>3</id>
		<nme>Termux</nme>
		<Action sr="act0" ve="7">
			<code>20</code>
			<App sr="arg0">
				<appClass>com.termux.app.TermuxActivity</appClass>
				<appPkg>com.termux</appPkg>
				<label>Termux</label>
			</App>
			<Str sr="arg1" ve="3"/>
			<Int sr="arg2" val="1"/>
			<Int sr="arg3" val="0"/>
		</Action>
		<Action sr="act1" ve="7">
			<code>25</code>
			<Int sr="arg0" val="0"/>
			<Str sr="arg1" ve="3"/>
		</Action>
	</Task>
</TaskerData>
