<TaskerData sr="" dvi="1" tv="5.13.6">
	<Profile sr="prof8" ve="2">
		<cdate>1640319278453</cdate>
		<clp>true</clp>
		<edate>1640319711892</edate>
		<flags>8</flags>
		<id>8</id>
		<mid0>3</mid0>
		<nme>Event Monitor Start</nme>
		<Event sr="con0" ve="2">
			<code>307</code>
			<pri>0</pri>
		</Event>
	</Profile>
	<Task sr="task3">
		<cdate>1640319085340</cdate>
		<edate>1640319582066</edate>
		<id>3</id>
		<nme>Termux</nme>
		<Action sr="act0" ve="7">
			<code>20</code>
			<App sr="arg0">
				<appClass>com.termux.app.TermuxActivity</appClass>
				<appPkg>com.termux</appPkg>
				<label>Termux</label>
			</App>
			<Str sr="arg1" ve="3"/>
			<Int sr="arg2" val="1"/>
			<Int sr="arg3" val="0"/>
		</Action>
		<Action sr="act1" ve="7">
			<code>25</code>
			<Int sr="arg0" val="0"/>
			<Str sr="arg1" ve="3"/>
		</Action>
	</Task>
</TaskerData>
