<TaskerData sr="" dvi="1" tv="5.13.6">
	<Profile sr="prof14" ve="2">
		<cdate>1640319481361</cdate>
		<clp>true</clp>
		<edate>1640319803308</edate>
		<flags>8</flags>
		<id>14</id>
		<mid0>3</mid0>
		<nme>Time Every 3h</nme>
		<Time sr="con0">
			<fh>-1</fh>
			<fm>-1</fm>
			<rep>1</rep>
			<repval>3</repval>
			<th>-1</th>
			<tm>-1</tm>
		</Time>
	</Profile>
	<Task sr="task3">
		<cdate>1640319085340</cdate>
		<edate>1640319582066</edate>
		<id>3</id>
		<nme>Termux</nme>
		<Action sr="act0" ve="7">
			<code>20</code>
			<App sr="arg0">
				<appClass>com.termux.app.TermuxActivity</appClass>
				<appPkg>com.termux</appPkg>
				<label>Termux</label>
			</App>
			<Str sr="arg1" ve="3"/>
			<Int sr="arg2" val="1"/>
			<Int sr="arg3" val="0"/>
		</Action>
		<Action sr="act1" ve="7">
			<code>25</code>
			<Int sr="arg0" val="0"/>
			<Str sr="arg1" ve="3"/>
		</Action>
	</Task>
</TaskerData>
